{
    "keep": {
        "days": true,
        "amount": 14
    },
    "auditLog": "logs\\.3587956a5439a01f9b510444c718c2e8a28e39d6-audit.json",
    "files": [
        {
            "date": 1707113133441,
            "name": "logs\\webapigateway-2024-02-05-11.log",
            "hash": "980028515a8bb0df1a302927debb23e5c22b845a9d99e5c132e6a3a275982b86"
        },
        {
            "date": 1707119999822,
            "name": "logs\\webapigateway-2024-02-05-13.log",
            "hash": "bd05b02b7ec1bd10cd89d0cc749738962aeccdb5f1b1423f5f4d33575d8af443"
        },
        {
            "date": 1707122368057,
            "name": "logs\\webapigateway-2024-02-05-14.log",
            "hash": "db6290a7afe9b655498f71740204a5bc04a35bc69a8ea2a8948134b477a61547"
        },
        {
            "date": 1707134102807,
            "name": "logs\\webapigateway-2024-02-05-17.log",
            "hash": "b933f343d3fa184110c326b01a35492649fc86551de767174a89e6f7fb2191ac"
        },
        {
            "date": 1707193750360,
            "name": "logs\\webapigateway-2024-02-06-09.log",
            "hash": "ef159885dcac679246ab0f0bf9b1087ceed937504252d311b05706b2c6d183a2"
        },
        {
            "date": 1707193865748,
            "name": "logs\\webapigateway-2024-02-06-10.log",
            "hash": "79def625f055497b6fe426bb6c4bd4ce6924750304088681bf158e625909c077"
        },
        {
            "date": 1707216996032,
            "name": "logs\\webapigateway-2024-02-06-16.log",
            "hash": "a3d186e9064f1ec446cb38c884b08cc03fddc20b0cc576b7a3f85a4d76c42161"
        },
        {
            "date": 1707375881035,
            "name": "logs\\webapigateway-2024-02-08-12.log",
            "hash": "4fcbc77a681d95e68d982235eb657a23323f91f1b3df44ce0194ea2f6b8533f7"
        },
        {
            "date": 1707708681848,
            "name": "logs\\webapigateway-2024-02-12-09.log",
            "hash": "d6ccdaf434399d6ec90795fe6997af1cf9a5eaac5a8dc17020ab38443aa07fdf"
        },
        {
            "date": 1707719870381,
            "name": "logs\\webapigateway-2024-02-12-12.log",
            "hash": "466ba96a597aa718409c71578496ae92d5657814fb7e2e63a9b082e726ff8db9"
        },
        {
            "date": 1707795860314,
            "name": "logs\\webapigateway-2024-02-13-09.log",
            "hash": "62ae38df7b9722b7a86dc9eb21599aa54dd43240e732781e671141ae326a50ae"
        },
        {
            "date": 1707902290714,
            "name": "logs\\webapigateway-2024-02-14-14.log",
            "hash": "4d86e2dddbff8d849aef2259165130c61f673a75bb84385426fce2de486cc452"
        },
        {
            "date": 1707983796995,
            "name": "logs\\webapigateway-2024-02-15-13.log",
            "hash": "4d6cbbbad6ef174227f7cce6f5242f5122c23a4a5dc859067b3f88988c212edb"
        },
        {
            "date": 1708061769152,
            "name": "logs\\webapigateway-2024-02-16-11.log",
            "hash": "b317eda637598ca0c8691fc45ac2c879175d9533b6baf954d7f267e6fa1403f1"
        },
        {
            "date": 1708080255708,
            "name": "logs\\webapigateway-2024-02-16-16.log",
            "hash": "9891c62efcd9e223a0406bf67334cb37dcaf5e425f795df548cc2e09c1e13899"
        }
    ],
    "hashType": "sha256"
}